Year,Race,Sex,Average Life Expectancy (Years),Age-adjusted Death Rate
1900,All Races,Both Sexes,47.3,"2,518.0"
1901,All Races,Both Sexes,49.1,"2,473.1"
1902,All Races,Both Sexes,51.5,"2,301.3"
1903,All Races,Both Sexes,50.5,"2,379.0"
1904,All Races,Both Sexes,47.6,"2,502.5"
1905,All Races,Both Sexes,48.7,"2,423.7"
1906,All Races,Both Sexes,48.7,"2,399.0"
1907,All Races,Both Sexes,47.6,"2,494.4"
1908,All Races,Both Sexes,51.1,"2,298.9"
1909,All Races,Both Sexes,52.1,"2,249.2"
1910,All Races,Both Sexes,50.0,"2,317.2"
1911,All Races,Both Sexes,52.6,"2,245.4"
1912,All Races,Both Sexes,53.5,"2,211.7"
1913,All Races,Both Sexes,52.5,"2,206.5"
1914,All Races,Both Sexes,54.2,"2,149.3"
1915,All Races,Both Sexes,54.5,"2,174.8"
1916,All Races,Both Sexes,51.7,"2,266.6"
1917,All Races,Both Sexes,50.9,"2,275.9"
1918,All Races,Both Sexes,39.1,"2,541.6"
1919,All Races,Both Sexes,54.7,"2,057.2"
1920,All Races,Both Sexes,54.1,"2,147.1"
1921,All Races,Both Sexes,60.8,"1,958.2"
1922,All Races,Both Sexes,59.6,"2,049.5"
1923,All Races,Both Sexes,57.2,"2,141.4"
1924,All Races,Both Sexes,59.7,"2,038.0"
1925,All Races,Both Sexes,59.0,"2,068.7"
1926,All Races,Both Sexes,56.7,"2,146.2"
1927,All Races,Both Sexes,60.4,"1,989.5"
1928,All Races,Both Sexes,56.8,"2,124.6"
1929,All Races,Both Sexes,57.1,"2,081.2"
1930,All Races,Both Sexes,59.7,"1,943.8"
1931,All Races,Both Sexes,61.1,"1,895.1"
1932,All Races,Both Sexes,62.1,"1,897.1"
1933,All Races,Both Sexes,63.3,"1,850.1"
1934,All Races,Both Sexes,61.1,"1,888.2"
1935,All Races,Both Sexes,61.7,"1,860.1"
1936,All Races,Both Sexes,58.5,"1,963.7"
1937,All Races,Both Sexes,60.0,"1,882.6"
1938,All Races,Both Sexes,63.5,"1,764.3"
1939,All Races,Both Sexes,63.7,"1,766.9"
1940,All Races,Both Sexes,62.9,"1,785.0"
1941,All Races,Both Sexes,64.8,"1,694.6"
1942,All Races,Both Sexes,66.2,"1,635.8"
1943,All Races,Both Sexes,63.3,"1,702.4"
1944,All Races,Both Sexes,65.2,"1,618.5"
1945,All Races,Both Sexes,65.9,"1,575.4"
1946,All Races,Both Sexes,66.7,"1,529.7"
1947,All Races,Both Sexes,66.8,"1,532.0"
1948,All Races,Both Sexes,67.2,"1,501.7"
1949,All Races,Both Sexes,68.0,"1,457.3"
1950,All Races,Both Sexes,68.2,"1,446.0"
1951,All Races,Both Sexes,68.4,"1,423.5"
1952,All Races,Both Sexes,68.6,"1,394.6"
1953,All Races,Both Sexes,68.8,"1,385.6"
1954,All Races,Both Sexes,69.6,"1,314.8"
1955,All Races,Both Sexes,69.6,"1,332.3"
1956,All Races,Both Sexes,69.7,"1,333.7"
1957,All Races,Both Sexes,69.5,"1,356.7"
1958,All Races,Both Sexes,69.6,"1,343.4"
1959,All Races,Both Sexes,69.9,"1,317.3"
1960,All Races,Both Sexes,69.7,"1,339.2"
1961,All Races,Both Sexes,70.2,"1,298.8"
1962,All Races,Both Sexes,70.1,"1,323.6"
1963,All Races,Both Sexes,69.9,"1,346.3"
1964,All Races,Both Sexes,70.2,"1,303.8"
1965,All Races,Both Sexes,70.2,"1,306.5"
1966,All Races,Both Sexes,70.2,"1,309.0"
1967,All Races,Both Sexes,70.5,"1,274.0"
1968,All Races,Both Sexes,70.2,"1,304.5"
1969,All Races,Both Sexes,70.5,"1,271.8"
1970,All Races,Both Sexes,70.8,"1,222.6"
1971,All Races,Both Sexes,71.1,"1,213.1"
1972,All Races,Both Sexes,71.2,"1,214.8"
1973,All Races,Both Sexes,71.4,"1,201.2"
1974,All Races,Both Sexes,72.0,"1,151.8"
1975,All Races,Both Sexes,72.6,"1,094.4"
1976,All Races,Both Sexes,72.9,"1,084.1"
1977,All Races,Both Sexes,73.3,"1,051.6"
1978,All Races,Both Sexes,73.5,"1,043.7"
1979,All Races,Both Sexes,73.9,"1,010.6"
1980,All Races,Both Sexes,73.7,"1,038.7"
1981,All Races,Both Sexes,74.1,"1,007.0"
1982,All Races,Both Sexes,74.5,984.9
1983,All Races,Both Sexes,74.6,990.0
1984,All Races,Both Sexes,74.7,982.1
1985,All Races,Both Sexes,74.7,987.8
1986,All Races,Both Sexes,74.7,978.4
1987,All Races,Both Sexes,74.9,969.6
1988,All Races,Both Sexes,74.9,975.1
1989,All Races,Both Sexes,75.1,949.9
1990,All Races,Both Sexes,75.4,938.0
1991,All Races,Both Sexes,75.5,921.9
1992,All Races,Both Sexes,75.8,905.3
1993,All Races,Both Sexes,75.5,925.8
1994,All Races,Both Sexes,75.7,913.2
1995,All Races,Both Sexes,75.8,909.5
1996,All Races,Both Sexes,76.1,893.7
1997,All Races,Both Sexes,76.5,877.7
1998,All Races,Both Sexes,76.7,870.1
1999,All Races,Both Sexes,76.7,875.6
2000,All Races,Both Sexes,76.8,869.0
2001,All Races,Both Sexes,77.0,858.8
2002,All Races,Both Sexes,77.0,855.9
2003,All Races,Both Sexes,77.6,843.5
2004,All Races,Both Sexes,77.5,813.7
2005,All Races,Both Sexes,77.6,815.0
2006,All Races,Both Sexes,77.8,791.8
2007,All Races,Both Sexes,78.1,775.3
2008,All Races,Both Sexes,78.2,774.9
2009,All Races,Both Sexes,78.5,749.6
2010,All Races,Both Sexes,78.7,747.0
2011,All Races,Both Sexes,78.7,741.3
2012,All Races,Both Sexes,78.8,732.8
2013,All Races,Both Sexes,78.8,731.9
2014,All Races,Both Sexes,78.9,724.6
2015,All Races,Both Sexes,78.7,733.1
2016,All Races,Both Sexes,78.7,728.8
2017,All Races,Both Sexes,78.6,731.9
2018,All Races,Both Sexes,78.7,723.6
1900,All Races,Female,48.3,"2,410.4"
1901,All Races,Female,50.6,"2,350.5"
1902,All Races,Female,53.4,"2,162.8"
1903,All Races,Female,52.0,"2,250.6"
1904,All Races,Female,49.1,"2,358.8"
1905,All Races,Female,50.2,"2,287.7"
1906,All Races,Female,50.8,"2,244.6"
1907,All Races,Female,49.9,"2,327.3"
1908,All Races,Female,52.8,"2,162.3"
1909,All Races,Female,53.8,"2,111.5"
1910,All Races,Female,51.8,"2,171.3"
1911,All Races,Female,54.4,"2,112.1"
1912,All Races,Female,55.9,"2,067.2"
1913,All Races,Female,55.0,"2,058.1"
1914,All Races,Female,56.8,"2,009.0"
1915,All Races,Female,56.8,"2,044.3"
1916,All Races,Female,54.3,"2,123.3"
1917,All Races,Female,54.0,"2,119.9"
1918,All Races,Female,42.2,"2,342.8"
1919,All Races,Female,56.0,"1,973.1"
1920,All Races,Female,54.6,"2,081.3"
1921,All Races,Female,61.8,"1,890.4"
1922,All Races,Female,61.0,"1,965.1"
1923,All Races,Female,58.5,"2,050.5"
1924,All Races,Female,61.5,"1,927.2"
1925,All Races,Female,60.6,"1,957.1"
1926,All Races,Female,58.0,"2,028.0"
1927,All Races,Female,62.1,"1,863.8"
1928,All Races,Female,58.3,"1,990.5"
1929,All Races,Female,58.7,"1,940.9"
1930,All Races,Female,61.6,"1,798.3"
1931,All Races,Female,63.1,"1,743.6"
1932,All Races,Female,63.5,"1,758.4"
1933,All Races,Female,65.1,"1,699.1"
1934,All Races,Female,63.3,"1,720.7"
1935,All Races,Female,63.9,"1,690.6"
1936,All Races,Female,60.6,"1,780.6"
1937,All Races,Female,62.4,"1,695.1"
1938,All Races,Female,65.3,"1,599.1"
1939,All Races,Female,65.4,"1,599.8"
1940,All Races,Female,65.2,"1,599.4"
1941,All Races,Female,66.8,"1,502.4"
1942,All Races,Female,67.9,"1,444.7"
1943,All Races,Female,64.4,"1,507.8"
1944,All Races,Female,66.8,"1,428.4"
1945,All Races,Female,67.9,"1,376.8"
1946,All Races,Female,69.4,"1,342.8"
1947,All Races,Female,69.7,"1,332.5"
1948,All Races,Female,69.9,"1,296.4"
1949,All Races,Female,70.7,"1,252.6"
1950,All Races,Female,71.1,"1,236.0"
1951,All Races,Female,71.4,"1,213.4"
1952,All Races,Female,71.6,"1,186.7"
1953,All Races,Female,72.0,"1,172.6"
1954,All Races,Female,72.8,"1,109.7"
1955,All Races,Female,72.8,"1,121.9"
1956,All Races,Female,72.9,"1,117.5"
1957,All Races,Female,72.7,"1,134.5"
1958,All Races,Female,72.9,"1,120.9"
1959,All Races,Female,73.2,"1,093.5"
1960,All Races,Female,73.1,"1,105.3"
1961,All Races,Female,73.6,"1,068.5"
1962,All Races,Female,73.5,"1,087.1"
1963,All Races,Female,73.4,"1,098.5"
1964,All Races,Female,73.7,"1,061.5"
1965,All Races,Female,73.8,"1,056.1"
1966,All Races,Female,73.9,"1,055.3"
1967,All Races,Female,74.3,"1,020.5"
1968,All Races,Female,74.1,"1,043.5"
1969,All Races,Female,74.4,"1,013.4"
1970,All Races,Female,74.7,971.4
1971,All Races,Female,75.0,960.6
1972,All Races,Female,75.1,958.7
1973,All Races,Female,75.3,947.8
1974,All Races,Female,75.9,907.5
1975,All Races,Female,76.6,855.1
1976,All Races,Female,76.8,849.4
1977,All Races,Female,77.2,820.7
1978,All Races,Female,77.3,816.4
1979,All Races,Female,77.8,789.9
1980,All Races,Female,77.4,817.7
1981,All Races,Female,77.8,792.7
1982,All Races,Female,78.1,776.4
1983,All Races,Female,78.1,783.3
1984,All Races,Female,78.2,779.4
1985,All Races,Female,78.2,784.2
1986,All Races,Female,78.2,778.5
1987,All Races,Female,78.3,773.8
1988,All Races,Female,78.3,780.5
1989,All Races,Female,78.5,761.3
1990,All Races,Female,78.8,750.3
1991,All Races,Female,78.9,737.9
1992,All Races,Female,79.1,725.3
1993,All Races,Female,78.8,745.6
1994,All Races,Female,79.0,738.3
1995,All Races,Female,78.9,739.2
1996,All Races,Female,79.1,732.7
1997,All Races,Female,79.4,725.3
1998,All Races,Female,79.5,724.2
1999,All Races,Female,79.4,734.0
2000,All Races,Female,79.7,731.4
2001,All Races,Female,79.5,725.6
2002,All Races,Female,79.6,723.6
2003,All Races,Female,79.7,715.2
2004,All Races,Female,80.1,690.5
2005,All Races,Female,80.1,692.3
2006,All Races,Female,80.3,672.2
2007,All Races,Female,80.6,658.1
2008,All Races,Female,80.6,660.0
2009,All Races,Female,80.9,636.8
2010,All Races,Female,81.0,634.9
2011,All Races,Female,81.1,632.4
2012,All Races,Female,81.2,624.7
2013,All Races,Female,81.2,623.5
2014,All Races,Female,81.3,616.7
2015,All Races,Female,81.1,624.2
2016,All Races,Female,81.1,617.5
2017,All Races,Female,81.1,619.7
2018,All Races,Female,81.2,611.3
1900,All Races,Male,46.3,"2,630.8"
1901,All Races,Male,47.6,"2,600.5"
1902,All Races,Male,49.8,"2,447.9"
1903,All Races,Male,49.1,"2,513.5"
1904,All Races,Male,46.2,"2,652.9"
1905,All Races,Male,47.3,"2,565.5"
1906,All Races,Male,46.9,"2,553.6"
1907,All Races,Male,45.6,"2,660.3"
1908,All Races,Male,49.5,"2,433.4"
1909,All Races,Male,50.5,"2,385.7"
1910,All Races,Male,48.4,"2,459.9"
1911,All Races,Male,50.9,"2,374.5"
1912,All Races,Male,51.5,"2,352.8"
1913,All Races,Male,50.3,"2,351.2"
1914,All Races,Male,52.0,"2,286.1"
1915,All Races,Male,52.5,"2,302.6"
1916,All Races,Male,49.6,"2,406.2"
1917,All Races,Male,48.4,"2,427.8"
1918,All Races,Male,36.6,"2,740.5"
1919,All Races,Male,53.5,"2,141.5"
1920,All Races,Male,53.6,"2,213.2"
1921,All Races,Male,60.0,"2,025.0"
1922,All Races,Male,58.4,"2,131.8"
1923,All Races,Male,56.1,"2,229.5"
1924,All Races,Male,58.1,"2,146.9"
1925,All Races,Male,57.6,"2,178.0"
1926,All Races,Male,55.5,"2,262.2"
1927,All Races,Male,59.0,"2,113.8"
1928,All Races,Male,55.6,"2,256.3"
1929,All Races,Male,55.8,"2,219.7"
1930,All Races,Male,58.1,"2,088.8"
1931,All Races,Male,59.4,"2,047.4"
1932,All Races,Male,61.0,"2,036.4"
1933,All Races,Male,61.7,"2,002.0"
1934,All Races,Male,59.3,"2,056.7"
1935,All Races,Male,59.9,"2,031.2"
1936,All Races,Male,56.6,"2,148.5"
1937,All Races,Male,58.0,"2,072.8"
1938,All Races,Male,61.9,"1,932.4"
1939,All Races,Male,62.1,"1,937.2"
1940,All Races,Male,60.8,"1,976.0"
1941,All Races,Male,63.1,"1,894.3"
1942,All Races,Male,64.7,"1,835.1"
1943,All Races,Male,62.4,"1,907.7"
1944,All Races,Male,63.6,"1,821.6"
1945,All Races,Male,63.6,"1,791.6"
1946,All Races,Male,64.4,"1,727.6"
1947,All Races,Male,64.4,"1,743.0"
1948,All Races,Male,64.6,"1,720.5"
1949,All Races,Male,65.2,"1,676.7"
1950,All Races,Male,65.6,"1,674.2"
1951,All Races,Male,65.6,"1,651.7"
1952,All Races,Male,65.8,"1,620.8"
1953,All Races,Male,66.0,"1,619.0"
1954,All Races,Male,66.7,"1,540.7"
1955,All Races,Male,66.7,"1,565.2"
1956,All Races,Male,66.7,"1,575.5"
1957,All Races,Male,66.4,"1,606.7"
1958,All Races,Male,66.6,"1,596.3"
1959,All Races,Male,66.8,"1,573.4"
1960,All Races,Male,66.6,"1,609.0"
1961,All Races,Male,67.1,"1,567.6"
1962,All Races,Male,66.9,"1,604.4"
1963,All Races,Male,66.6,"1,644.0"
1964,All Races,Male,66.8,"1,597.0"
1965,All Races,Male,66.8,"1,614.3"
1966,All Races,Male,66.7,"1,624.2"
1967,All Races,Male,67.0,"1,591.8"
1968,All Races,Male,66.6,"1,635.2"
1969,All Races,Male,66.8,"1,601.4"
1970,All Races,Male,67.1,"1,542.1"
1971,All Races,Male,67.4,"1,542.5"
1972,All Races,Male,67.4,"1,551.1"
1973,All Races,Male,67.6,"1,537.5"
1974,All Races,Male,68.2,"1,478.5"
1975,All Races,Male,68.8,"1,417.4"
1976,All Races,Male,69.1,"1,404.3"
1977,All Races,Male,69.5,"1,369.3"
1978,All Races,Male,69.6,"1,358.1"
1979,All Races,Male,70.0,"1,316.2"
1980,All Races,Male,70.0,"1,347.6"
1981,All Races,Male,70.4,"1,308.2"
1982,All Races,Male,70.8,"1,279.9"
1983,All Races,Male,71.0,"1,284.4"
1984,All Races,Male,71.1,"1,271.0"
1985,All Races,Male,71.1,"1,277.6"
1986,All Races,Male,71.2,"1,261.5"
1987,All Races,Male,71.4,"1,245.7"
1988,All Races,Male,71.4,"1,250.0"
1989,All Races,Male,71.7,"1,214.2"
1990,All Races,Male,71.8,"1,202.0"
1991,All Races,Male,72.0,"1,180.2"
1992,All Races,Male,72.3,"1,158.0"
1993,All Races,Male,72.2,"1,177.0"
1994,All Races,Male,72.4,"1,155.1"
1995,All Races,Male,72.5,"1,143.6"
1996,All Races,Male,73.1,"1,115.2"
1997,All Races,Male,73.6,"1,087.7"
1998,All Races,Male,73.8,"1,068.9"
1999,All Races,Male,73.9,"1,067.0"
2000,All Races,Male,74.3,"1,053.8"
2001,All Races,Male,74.3,"1,035.3"
2002,All Races,Male,74.4,"1,030.6"
2003,All Races,Male,74.5,"1,010.3"
2004,All Races,Male,75.0,973.3
2005,All Races,Male,75.0,971.9
2006,All Races,Male,75.2,943.4
2007,All Races,Male,75.5,922.9
2008,All Races,Male,75.6,918.8
2009,All Races,Male,76.0,890.9
2010,All Races,Male,76.2,887.1
2011,All Races,Male,76.3,875.3
2012,All Races,Male,76.4,865.1
2013,All Races,Male,76.4,863.6
2014,All Races,Male,76.5,855.1
2015,All Races,Male,76.3,863.2
2016,All Races,Male,76.2,861.0
2017,All Races,Male,76.1,864.5
2018,All Races,Male,76.2,855.5
1900,Black,Both Sexes,33.0,"3,423.3"
1901,Black,Both Sexes,33.7,"3,338.4"
1902,Black,Both Sexes,34.6,"3,190.4"
1903,Black,Both Sexes,33.1,"3,373.7"
1904,Black,Both Sexes,30.8,"3,586.2"
1905,Black,Both Sexes,31.3,"3,440.1"
1906,Black,Both Sexes,32.9,"3,223.4"
1907,Black,Both Sexes,32.5,"3,295.1"
1908,Black,Both Sexes,34.9,"3,048.2"
1909,Black,Both Sexes,35.7,"3,006.9"
1910,Black,Both Sexes,35.6,"2,983.5"
1911,Black,Both Sexes,36.4,"3,000.6"
1912,Black,Both Sexes,37.9,"2,959.2"
1913,Black,Both Sexes,38.4,"2,906.6"
1914,Black,Both Sexes,38.9,"2,914.6"
1915,Black,Both Sexes,38.9,"3,021.8"
1916,Black,Both Sexes,41.3,"2,940.3"
1917,Black,Both Sexes,38.8,"3,069.6"
1918,Black,Both Sexes,31.1,"3,411.9"
1919,Black,Both Sexes,44.5,"2,648.5"
1920,Black,Both Sexes,45.3,"2,743.3"
1921,Black,Both Sexes,51.5,"2,459.8"
1922,Black,Both Sexes,52.4,"2,507.8"
1923,Black,Both Sexes,48.3,"2,717.8"
1924,Black,Both Sexes,46.6,"2,806.5"
1925,Black,Both Sexes,45.7,"2,858.7"
1926,Black,Both Sexes,44.6,"2,906.0"
1927,Black,Both Sexes,48.2,"2,676.2"
1928,Black,Both Sexes,46.3,"2,835.5"
1929,Black,Both Sexes,46.7,"2,832.6"
1930,Black,Both Sexes,48.1,"2,682.9"
1931,Black,Both Sexes,50.4,"2,516.0"
1932,Black,Both Sexes,53.7,"2,397.3"
1933,Black,Both Sexes,54.7,"2,307.9"
1934,Black,Both Sexes,51.8,"2,386.5"
1935,Black,Both Sexes,53.1,"2,316.0"
1936,Black,Both Sexes,49.0,"2,496.6"
1937,Black,Both Sexes,50.3,"2,374.0"
1938,Black,Both Sexes,52.9,"2,217.2"
1939,Black,Both Sexes,54.5,"2,157.0"
1940,Black,Both Sexes,53.1,"2,254.1"
1941,Black,Both Sexes,53.8,"2,142.8"
1942,Black,Both Sexes,56.6,"1,988.9"
1943,Black,Both Sexes,55.6,"2,006.9"
1944,Black,Both Sexes,56.6,"1,904.5"
1945,Black,Both Sexes,57.7,"1,808.8"
1946,Black,Both Sexes,59.1,"1,711.7"
1947,Black,Both Sexes,59.7,"1,749.7"
1948,Black,Both Sexes,60.0,"1,766.9"
1949,Black,Both Sexes,60.6,"1,739.9"
1950,Black,Both Sexes,60.8,"1,757.6"
1951,Black,Both Sexes,61.2,"1,698.2"
1952,Black,Both Sexes,61.4,"1,671.3"
1953,Black,Both Sexes,62.0,"1,641.2"
1954,Black,Both Sexes,63.4,"1,514.8"
1955,Black,Both Sexes,63.7,"1,510.2"
1956,Black,Both Sexes,63.6,"1,519.2"
1957,Black,Both Sexes,63.0,"1,571.7"
1958,Black,Both Sexes,63.4,"1,552.1"
1959,Black,Both Sexes,63.9,"1,504.4"
1960,Black,Both Sexes,63.6,"1,549.0"
1961,Black,Both Sexes,64.5,"1,492.2"
1962,Black,Both Sexes,64.2,"1,532.0"
1963,Black,Both Sexes,63.7,"1,581.5"
1964,Black,Both Sexes,64.2,"1,507.1"
1965,Black,Both Sexes,64.3,"1,508.9"
1966,Black,Both Sexes,64.2,"1,529.7"
1967,Black,Both Sexes,64.9,"1,466.9"
1968,Black,Both Sexes,64.1,"1,615.6"
1969,Black,Both Sexes,64.5,"1,570.4"
1970,Black,Both Sexes,64.1,"1,518.1"
1971,Black,Both Sexes,64.6,"1,481.3"
1972,Black,Both Sexes,64.7,"1,486.3"
1973,Black,Both Sexes,65.0,"1,473.3"
1974,Black,Both Sexes,66.0,"1,397.7"
1975,Black,Both Sexes,66.8,"1,327.5"
1976,Black,Both Sexes,67.2,"1,311.2"
1977,Black,Both Sexes,67.7,"1,286.0"
1978,Black,Both Sexes,68.1,"1,267.7"
1979,Black,Both Sexes,68.5,"1,238.5"
1980,Black,Both Sexes,68.1,"1,312.9"
1981,Black,Both Sexes,68.9,"1,256.5"
1982,Black,Both Sexes,69.4,"1,220.1"
1983,Black,Both Sexes,69.4,"1,239.8"
1984,Black,Both Sexes,69.5,"1,234.5"
1985,Black,Both Sexes,69.3,"1,259.1"
1986,Black,Both Sexes,69.1,"1,264.6"
1987,Black,Both Sexes,69.1,"1,260.9"
1988,Black,Both Sexes,68.9,"1,281.9"
1989,Black,Both Sexes,68.8,"1,273.5"
1990,Black,Both Sexes,69.1,"1,248.5"
1991,Black,Both Sexes,69.3,"1,233.6"
1992,Black,Both Sexes,69.6,"1,205.3"
1993,Black,Both Sexes,69.2,"1,240.2"
1994,Black,Both Sexes,69.5,"1,216.2"
1995,Black,Both Sexes,69.6,"1,213.6"
1996,Black,Both Sexes,70.2,"1,177.6"
1997,Black,Both Sexes,71.1,"1,139.2"
1998,Black,Both Sexes,71.3,"1,127.1"
1999,Black,Both Sexes,71.4,"1,135.7"
2000,Black,Both Sexes,71.8,"1,121.4"
2001,Black,Both Sexes,72.0,"1,106.2"
2002,Black,Both Sexes,72.2,"1,097.3"
2003,Black,Both Sexes,72.4,"1,080.5"
2004,Black,Both Sexes,72.9,"1,043.8"
2005,Black,Both Sexes,73.0,"1,035.1"
2006,Black,Both Sexes,73.4,997.9
2007,Black,Both Sexes,73.8,972.0
2008,Black,Both Sexes,74.3,947.6
2009,Black,Both Sexes,74.7,912.8
2010,Black,Both Sexes,75.1,898.2
2011,Black,Both Sexes,75.3,877.1
2012,Black,Both Sexes,75.5,864.8
2013,Black,Both Sexes,75.5,860.8
2014,Black,Both Sexes,75.6,849.3
2015,Black,Both Sexes,75.5,851.9
2016,Black,Both Sexes,75.3,857.2
2017,Black,Both Sexes,75.3,854.1
2018,Black,Both Sexes,,852.9
1900,Black,Female,33.5,"3,308.0"
1901,Black,Female,35.3,"3,167.2"
1902,Black,Female,36.4,"3,003.4"
1903,Black,Female,34.6,"3,210.9"
1904,Black,Female,32.7,"3,362.4"
1905,Black,Female,33.1,"3,247.5"
1906,Black,Female,33.9,"3,115.4"
1907,Black,Female,34.0,"3,179.3"
1908,Black,Female,36.0,"2,963.6"
1909,Black,Female,37.3,"2,875.6"
1910,Black,Female,37.5,"2,875.3"
1911,Black,Female,38.2,"2,899.8"
1912,Black,Female,40.0,"2,807.7"
1913,Black,Female,40.3,"2,802.7"
1914,Black,Female,40.8,"2,810.1"
1915,Black,Female,40.5,"2,948.8"
1916,Black,Female,43.1,"2,853.6"
1917,Black,Female,40.8,"2,970.6"
1918,Black,Female,32.5,"3,304.3"
1919,Black,Female,44.4,"2,663.2"
1920,Black,Female,45.2,"2,756.2"
1921,Black,Female,51.3,"2,475.0"
1922,Black,Female,53.0,"2,476.1"
1923,Black,Female,48.9,"2,657.8"
1924,Black,Female,47.8,"2,693.2"
1925,Black,Female,46.7,"2,741.9"
1926,Black,Female,45.6,"2,778.0"
1927,Black,Female,48.9,"2,565.5"
1928,Black,Female,47.0,"2,703.1"
1929,Black,Female,47.8,"2,664.8"
1930,Black,Female,49.2,"2,530.1"
1931,Black,Female,51.5,"2,362.8"
1932,Black,Female,54.6,"2,256.1"
1933,Black,Female,56.0,"2,174.1"
1934,Black,Female,53.7,"2,213.4"
1935,Black,Female,55.2,"2,136.5"
1936,Black,Female,51.4,"2,278.7"
1937,Black,Female,52.5,"2,158.5"
1938,Black,Female,54.3,"2,057.1"
1939,Black,Female,56.0,"1,992.4"
1940,Black,Female,54.9,"2,057.5"
1941,Black,Female,55.3,"1,945.9"
1942,Black,Female,58.2,"1,803.7"
1943,Black,Female,56.1,"1,837.6"
1944,Black,Female,57.7,"1,733.6"
1945,Black,Female,59.6,"1,634.8"
1946,Black,Female,61.0,"1,556.8"
1947,Black,Female,61.9,"1,586.1"
1948,Black,Female,62.5,"1,580.0"
1949,Black,Female,62.7,"1,572.2"
1950,Black,Female,62.9,"1,574.1"
1951,Black,Female,63.4,"1,508.3"
1952,Black,Female,63.8,"1,465.0"
1953,Black,Female,64.5,"1,434.3"
1954,Black,Female,65.9,"1,326.3"
1955,Black,Female,66.1,"1,326.7"
1956,Black,Female,66.1,"1,331.9"
1957,Black,Female,65.5,"1,374.6"
1958,Black,Female,65.8,"1,354.6"
1959,Black,Female,66.5,"1,305.0"
1960,Black,Female,66.3,"1,340.5"
1961,Black,Female,67.1,"1,295.9"
1962,Black,Female,66.9,"1,324.5"
1963,Black,Female,66.6,"1,347.8"
1964,Black,Female,67.3,"1,284.1"
1965,Black,Female,67.6,"1,266.0"
1966,Black,Female,67.6,"1,274.6"
1967,Black,Female,68.5,"1,209.7"
1968,Black,Female,67.9,"1,325.6"
1969,Black,Female,68.6,"1,274.9"
1970,Black,Female,68.3,"1,228.7"
1971,Black,Female,68.9,"1,196.8"
1972,Black,Female,69.1,"1,181.2"
1973,Black,Female,69.3,"1,179.7"
1974,Black,Female,70.3,"1,109.7"
1975,Black,Female,71.3,"1,042.4"
1976,Black,Female,71.6,"1,031.2"
1977,Black,Female,72.0,"1,012.2"
1978,Black,Female,72.4,995.1
1979,Black,Female,72.9,967.1
1980,Black,Female,72.5,"1,031.8"
1981,Black,Female,73.2,985.7
1982,Black,Female,73.6,958.8
1983,Black,Female,73.5,980.2
1984,Black,Female,73.6,974.9
1985,Black,Female,73.4,992.2
1986,Black,Female,73.4,992.7
1987,Black,Female,73.4,988.4
1988,Black,Female,73.2,"1,005.4"
1989,Black,Female,73.3,995.8
1990,Black,Female,73.6,973.6
1991,Black,Female,73.8,961.8
1992,Black,Female,73.9,941.4
1993,Black,Female,73.7,968.6
1994,Black,Female,73.9,954.0
1995,Black,Female,73.9,955.7
1996,Black,Female,74.2,939.6
1997,Black,Female,74.7,921.6
1998,Black,Female,74.8,921.0
1999,Black,Female,74.7,933.6
2000,Black,Female,75.1,927.6
2001,Black,Female,75.3,917.9
2002,Black,Female,75.4,913.5
2003,Black,Female,75.7,898.3
2004,Black,Female,76.1,869.8
2005,Black,Female,76.2,862.7
2006,Black,Female,76.7,828.4
2007,Black,Female,77.0,808.1
2008,Black,Female,77.3,792.0
2009,Black,Female,77.7,763.3
2010,Black,Female,78.0,752.5
2011,Black,Female,78.2,739.8
2012,Black,Female,78.4,723.9
2013,Black,Female,78.4,720.6
2014,Black,Female,78.5,713.3
2015,Black,Female,78.5,710.8
2016,Black,Female,78.3,712.9
2017,Black,Female,78.5,706.1
2018,Black,Female,,702.6
1900,Black,Male,32.5,"3,576.5"
1901,Black,Male,32.2,"3,524.8"
1902,Black,Male,32.9,"3,399.8"
1903,Black,Male,31.7,"3,546.5"
1904,Black,Male,29.1,"3,845.7"
1905,Black,Male,29.6,"3,654.7"
1906,Black,Male,31.8,"3,341.0"
1907,Black,Male,31.1,"3,408.1"
1908,Black,Male,33.8,"3,140.0"
1909,Black,Male,34.2,"3,149.0"
1910,Black,Male,33.8,"3,087.5"
1911,Black,Male,34.6,"3,094.2"
1912,Black,Male,35.9,"3,114.2"
1913,Black,Male,36.7,"3,011.9"
1914,Black,Male,37.1,"3,017.4"
1915,Black,Male,37.5,"3,104.1"
1916,Black,Male,39.6,"3,035.1"
1917,Black,Male,37.0,"3,172.8"
1918,Black,Male,29.9,"3,532.5"
1919,Black,Male,44.5,"2,650.0"
1920,Black,Male,45.5,"2,748.4"
1921,Black,Male,51.6,"2,461.2"
1922,Black,Male,51.8,"2,560.4"
1923,Black,Male,47.7,"2,803.9"
1924,Black,Male,45.5,"2,947.0"
1925,Black,Male,44.9,"3,000.7"
1926,Black,Male,43.7,"3,054.7"
1927,Black,Male,47.6,"2,801.1"
1928,Black,Male,45.6,"2,980.3"
1929,Black,Male,45.7,"3,012.6"
1930,Black,Male,47.3,"2,845.5"
1931,Black,Male,49.5,"2,680.3"
1932,Black,Male,52.8,"2,550.0"
1933,Black,Male,53.5,"2,452.1"
1934,Black,Male,50.2,"2,567.5"
1935,Black,Male,51.3,"2,502.9"
1936,Black,Male,47.0,"2,722.4"
1937,Black,Male,48.3,"2,596.1"
1938,Black,Male,51.7,"2,384.3"
1939,Black,Male,53.2,"2,328.1"
1940,Black,Male,51.5,"2,458.9"
1941,Black,Male,52.5,"2,351.1"
1942,Black,Male,55.4,"2,187.8"
1943,Black,Male,55.4,"2,189.9"
1944,Black,Male,55.8,"2,084.9"
1945,Black,Male,56.1,"2,002.7"
1946,Black,Male,57.5,"1,878.6"
1947,Black,Male,57.9,"1,922.8"
1948,Black,Male,58.1,"1,954.3"
1949,Black,Male,58.9,"1,915.4"
1950,Black,Male,59.1,"1,949.5"
1951,Black,Male,59.2,"1,903.4"
1952,Black,Male,59.1,"1,894.1"
1953,Black,Male,59.7,"1,863.1"
1954,Black,Male,61.1,"1,726.6"
1955,Black,Male,61.4,"1,707.5"
1956,Black,Male,61.3,"1,724.1"
1957,Black,Male,60.7,"1,797.0"
1958,Black,Male,61.0,"1,779.2"
1959,Black,Male,61.3,"1,724.7"
1960,Black,Male,61.1,"1,777.6"
1961,Black,Male,62.0,"1,713.3"
1962,Black,Male,61.6,"1,775.4"
1963,Black,Male,61.0,"1,859.0"
1964,Black,Male,61.3,"1,768.1"
1965,Black,Male,61.2,"1,791.0"
1966,Black,Male,60.9,"1,832.4"
1967,Black,Male,61.4,"1,767.2"
1968,Black,Male,60.4,"1,976.8"
1969,Black,Male,60.6,"1,934.4"
1970,Black,Male,60.0,"1,873.9"
1971,Black,Male,60.5,"1,836.1"
1972,Black,Male,60.4,"1,871.8"
1973,Black,Male,60.9,"1,849.5"
1974,Black,Male,61.7,"1,769.5"
1975,Black,Male,62.4,"1,697.0"
1976,Black,Male,62.9,"1,676.0"
1977,Black,Male,63.4,"1,647.9"
1978,Black,Male,63.7,"1,626.9"
1979,Black,Male,64.0,"1,601.5"
1980,Black,Male,63.8,"1,695.5"
1981,Black,Male,64.5,"1,626.6"
1982,Black,Male,65.1,"1,580.0"
1983,Black,Male,65.2,"1,600.5"
1984,Black,Male,65.3,"1,597.1"
1985,Black,Male,65.0,"1,632.9"
1986,Black,Male,64.8,"1,648.4"
1987,Black,Male,64.7,"1,646.3"
1988,Black,Male,64.4,"1,673.1"
1989,Black,Male,64.3,"1,666.1"
1990,Black,Male,64.5,"1,642.4"
1991,Black,Male,64.6,"1,624.1"
1992,Black,Male,65.0,"1,586.2"
1993,Black,Male,64.6,"1,631.1"
1994,Black,Male,64.9,"1,591.9"
1995,Black,Male,65.2,"1,585.2"
1996,Black,Male,66.1,"1,523.2"
1997,Black,Male,67.2,"1,458.2"
1998,Black,Male,67.6,"1,429.8"
1999,Black,Male,67.8,"1,432.6"
2000,Black,Male,68.2,"1,403.5"
2001,Black,Male,68.5,"1,380.5"
2002,Black,Male,68.7,"1,364.8"
2003,Black,Male,68.9,"1,343.5"
2004,Black,Male,69.4,"1,296.9"
2005,Black,Male,69.5,"1,281.3"
2006,Black,Male,69.9,"1,239.5"
2007,Black,Male,70.3,"1,204.8"
2008,Black,Male,70.9,"1,168.0"
2009,Black,Male,71.4,"1,123.1"
2010,Black,Male,71.8,"1,104.0"
2011,Black,Male,72.2,"1,067.1"
2012,Black,Male,72.3,"1,058.6"
2013,Black,Male,72.3,"1,052.8"
2014,Black,Male,72.5,"1,034.0"
2015,Black,Male,72.2,"1,040.3"
2016,Black,Male,72.0,"1,049.5"
2017,Black,Male,71.9,"1,049.5"
2018,Black,Male,,"1,051.5"
1900,White,Both Sexes,47.6,"2,501.2"
1901,White,Both Sexes,49.4,"2,456.2"
1902,White,Both Sexes,51.9,"2,284.3"
1903,White,Both Sexes,50.9,"2,359.8"
1904,White,Both Sexes,48.0,"2,481.9"
1905,White,Both Sexes,49.1,"2,404.1"
1906,White,Both Sexes,49.3,"2,374.8"
1907,White,Both Sexes,48.1,"2,470.8"
1908,White,Both Sexes,51.5,"2,278.1"
1909,White,Both Sexes,52.5,"2,228.5"
1910,White,Both Sexes,50.3,"2,299.4"
1911,White,Both Sexes,53.0,"2,221.3"
1912,White,Both Sexes,53.9,"2,187.9"
1913,White,Both Sexes,53.0,"2,176.7"
1914,White,Both Sexes,54.9,"2,116.8"
1915,White,Both Sexes,55.1,"2,139.4"
1916,White,Both Sexes,52.5,"2,223.9"
1917,White,Both Sexes,52.0,"2,221.5"
1918,White,Both Sexes,39.8,"2,477.7"
1919,White,Both Sexes,55.8,"2,005.6"
1920,White,Both Sexes,54.9,"2,096.3"
1921,White,Both Sexes,61.8,"1,914.9"
1922,White,Both Sexes,60.4,"2,004.4"
1923,White,Both Sexes,58.3,"2,087.0"
1924,White,Both Sexes,61.4,"1,968.7"
1925,White,Both Sexes,60.7,"1,999.1"
1926,White,Both Sexes,58.2,"2,078.8"
1927,White,Both Sexes,62.0,"1,925.6"
1928,White,Both Sexes,58.4,"2,053.0"
1929,White,Both Sexes,58.6,"2,006.8"
1930,White,Both Sexes,61.4,"1,870.7"
1931,White,Both Sexes,62.6,"1,832.5"
1932,White,Both Sexes,63.2,"1,845.1"
1933,White,Both Sexes,64.3,"1,800.5"
1934,White,Both Sexes,62.4,"1,834.0"
1935,White,Both Sexes,62.9,"1,809.9"
1936,White,Both Sexes,59.8,"1,906.6"
1937,White,Both Sexes,61.4,"1,829.1"
1938,White,Both Sexes,65.0,"1,714.8"
1939,White,Both Sexes,64.9,"1,724.0"
1940,White,Both Sexes,64.2,"1,735.3"
1941,White,Both Sexes,66.2,"1,645.0"
1942,White,Both Sexes,67.3,"1,594.8"
1943,White,Both Sexes,64.2,"1,665.8"
1944,White,Both Sexes,66.2,"1,582.8"
1945,White,Both Sexes,66.8,"1,544.3"
1946,White,Both Sexes,67.5,"1,505.0"
1947,White,Both Sexes,67.6,"1,503.5"
1948,White,Both Sexes,68.0,"1,469.9"
1949,White,Both Sexes,68.8,"1,424.3"
1950,White,Both Sexes,69.1,"1,410.8"
1951,White,Both Sexes,69.3,"1,391.0"
1952,White,Both Sexes,69.5,"1,361.7"
1953,White,Both Sexes,69.7,"1,354.6"
1954,White,Both Sexes,70.5,"1,288.6"
1955,White,Both Sexes,70.5,"1,308.3"
1956,White,Both Sexes,70.5,"1,309.0"
1957,White,Both Sexes,70.3,"1,328.7"
1958,White,Both Sexes,70.5,"1,316.3"
1959,White,Both Sexes,70.7,"1,291.9"
1960,White,Both Sexes,70.6,"1,311.3"
1961,White,Both Sexes,71.0,"1,272.2"
1962,White,Both Sexes,70.9,"1,292.4"
1963,White,Both Sexes,70.8,"1,312.5"
1964,White,Both Sexes,71.0,"1,275.2"
1965,White,Both Sexes,71.1,"1,278.3"
1966,White,Both Sexes,71.1,"1,278.7"
1967,White,Both Sexes,71.4,"1,246.4"
1968,White,Both Sexes,71.1,"1,271.4"
1969,White,Both Sexes,71.4,"1,240.2"
1970,White,Both Sexes,71.7,"1,193.3"
1971,White,Both Sexes,72.0,"1,183.8"
1972,White,Both Sexes,72.0,"1,185.3"
1973,White,Both Sexes,72.2,"1,171.5"
1974,White,Both Sexes,72.8,"1,125.2"
1975,White,Both Sexes,73.4,"1,069.4"
1976,White,Both Sexes,73.6,"1,060.0"
1977,White,Both Sexes,74.0,"1,027.1"
1978,White,Both Sexes,74.1,"1,020.1"
1979,White,Both Sexes,74.6,986.8
1980,White,Both Sexes,74.4,"1,012.5"
1981,White,Both Sexes,74.8,984.0
1982,White,Both Sexes,75.1,963.5
1983,White,Both Sexes,75.2,967.4
1984,White,Both Sexes,75.3,959.4
1985,White,Both Sexes,75.3,963.4
1986,White,Both Sexes,75.4,952.8
1987,White,Both Sexes,75.6,943.2
1988,White,Both Sexes,75.6,947.2
1989,White,Both Sexes,75.9,919.8
1990,White,Both Sexes,76.1,909.2
1991,White,Both Sexes,76.3,893.0
1992,White,Both Sexes,76.5,877.5
1993,White,Both Sexes,76.3,896.8
1994,White,Both Sexes,76.5,885.3
1995,White,Both Sexes,76.5,882.0
1996,White,Both Sexes,76.8,868.7
1997,White,Both Sexes,77.1,855.4
1998,White,Both Sexes,77.3,848.9
1999,White,Both Sexes,77.3,854.6
2000,White,Both Sexes,77.3,849.8
2001,White,Both Sexes,77.5,840.7
2002,White,Both Sexes,77.5,839.0
2003,White,Both Sexes,77.7,827.1
2004,White,Both Sexes,78.1,798.5
2005,White,Both Sexes,78.0,801.1
2006,White,Both Sexes,78.3,779.3
2007,White,Both Sexes,78.5,764.3
2008,White,Both Sexes,78.5,767.2
2009,White,Both Sexes,78.8,742.8
2010,White,Both Sexes,78.9,741.8
2011,White,Both Sexes,79.0,738.8
2012,White,Both Sexes,79.1,730.9
2013,White,Both Sexes,79.1,731.0
2014,White,Both Sexes,79.1,725.4
2015,White,Both Sexes,78.9,735.0
2016,White,Both Sexes,78.9,729.9
2017,White,Both Sexes,78.8,734.5
2018,White,Both Sexes,,725.4
1900,White,Female,48.7,"2,394.0"
1901,White,Female,51.0,"2,334.7"
1902,White,Female,53.8,"2,146.4"
1903,White,Female,52.5,"2,231.5"
1904,White,Female,49.5,"2,339.7"
1905,White,Female,50.6,"2,269.0"
1906,White,Female,51.4,"2,220.8"
1907,White,Female,50.4,"2,303.8"
1908,White,Female,53.3,"2,141.8"
1909,White,Female,54.2,"2,092.1"
1910,White,Female,52.0,"2,154.0"
1911,White,Female,54.9,"2,088.3"
1912,White,Female,56.2,"2,045.1"
1913,White,Female,55.7,"2,027.6"
1914,White,Female,57.5,"1,976.1"
1915,White,Female,57.5,"2,008.4"
1916,White,Female,55.2,"2,078.3"
1917,White,Female,55.3,"2,063.3"
1918,White,Female,43.2,"2,274.9"
1919,White,Female,57.4,"1,915.1"
1920,White,Female,55.6,"2,025.9"
1921,White,Female,62.9,"1,842.3"
1922,White,Female,61.9,"1,917.7"
1923,White,Female,59.6,"1,995.9"
1924,White,Female,63.4,"1,860.6"
1925,White,Female,62.4,"1,890.5"
1926,White,Female,59.6,"1,963.8"
1927,White,Female,63.9,"1,800.4"
1928,White,Female,60.0,"1,920.2"
1929,White,Female,60.3,"1,869.9"
1930,White,Female,63.5,"1,726.6"
1931,White,Female,64.7,"1,681.8"
1932,White,Female,64.5,"1,707.3"
1933,White,Female,66.3,"1,649.4"
1934,White,Female,64.6,"1,668.1"
1935,White,Female,65.0,"1,642.0"
1936,White,Female,61.9,"1,727.4"
1937,White,Female,63.8,"1,644.3"
1938,White,Female,66.8,"1,549.4"
1939,White,Female,66.6,"1,556.8"
1940,White,Female,66.6,"1,550.4"
1941,White,Female,68.5,"1,453.2"
1942,White,Female,69.4,"1,403.6"
1943,White,Female,65.7,"1,469.1"
1944,White,Female,68.4,"1,391.1"
1945,White,Female,69.5,"1,344.7"
1946,White,Female,70.3,"1,315.2"
1947,White,Female,70.5,"1,301.6"
1948,White,Female,71.0,"1,263.7"
1949,White,Female,71.9,"1,217.3"
1950,White,Female,72.2,"1,198.0"
1951,White,Female,72.4,"1,179.1"
1952,White,Female,72.6,"1,153.3"
1953,White,Female,73.0,"1,141.0"
1954,White,Female,73.7,"1,081.8"
1955,White,Female,73.7,"1,095.4"
1956,White,Female,73.9,"1,089.9"
1957,White,Female,73.7,"1,104.1"
1958,White,Female,73.9,"1,090.8"
1959,White,Female,74.2,"1,065.3"
1960,White,Female,74.1,"1,074.4"
1961,White,Female,74.6,"1,038.8"
1962,White,Female,74.5,"1,052.6"
1963,White,Female,74.4,"1,062.6"
1964,White,Female,74.7,"1,030.9"
1965,White,Female,74.8,"1,026.7"
1966,White,Female,74.8,"1,024.7"
1967,White,Female,75.2,992.9
1968,White,Female,75.0,"1,012.2"
1969,White,Female,75.3,984.2
1970,White,Female,75.6,944.0
1971,White,Female,75.8,933.4
1972,White,Female,75.9,932.9
1973,White,Female,76.1,921.4
1974,White,Female,76.7,884.2
1975,White,Female,77.3,834.1
1976,White,Female,77.5,828.9
1977,White,Female,77.9,799.7
1978,White,Female,78.0,796.6
1979,White,Female,78.4,770.1
1980,White,Female,78.1,796.0
1981,White,Female,78.4,773.6
1982,White,Female,78.7,758.6
1983,White,Female,78.7,764.1
1984,White,Female,78.7,760.5
1985,White,Female,78.7,764.2
1986,White,Female,78.8,758.0
1987,White,Female,78.9,753.2
1988,White,Female,78.9,758.7
1989,White,Female,79.2,738.3
1990,White,Female,79.4,728.3
1991,White,Female,79.6,715.9
1992,White,Female,79.8,703.9
1993,White,Female,79.5,723.9
1994,White,Female,79.6,717.3
1995,White,Female,79.6,718.4
1996,White,Female,79.7,713.3
1997,White,Female,79.9,707.5
1998,White,Female,80.0,706.9
1999,White,Female,79.9,716.6
2000,White,Female,79.9,715.3
2001,White,Female,80.0,710.4
2002,White,Female,80.1,709.3
2003,White,Female,80.2,701.6
2004,White,Female,80.5,677.7
2005,White,Female,80.5,680.9
2006,White,Female,80.7,662.3
2007,White,Female,80.9,649.4
2008,White,Female,80.9,653.7
2009,White,Female,81.2,631.3
2010,White,Female,81.3,630.8
2011,White,Female,81.3,630.3
2012,White,Female,81.4,623.8
2013,White,Female,81.4,623.6
2014,White,Female,81.4,617.6
2015,White,Female,81.3,627.0
2016,White,Female,81.3,619.4
2017,White,Female,81.2,623.5
2018,White,Female,,614.6
1900,White,Male,46.6,"2,613.2"
1901,White,Male,48.0,"2,582.3"
1902,White,Male,50.2,"2,430.1"
1903,White,Male,49.5,"2,494.2"
1904,White,Male,46.6,"2,630.5"
1905,White,Male,47.6,"2,544.7"
1906,White,Male,47.3,"2,529.3"
1907,White,Male,46.0,"2,637.0"
1908,White,Male,49.9,"2,412.3"
1909,White,Male,50.9,"2,363.8"
1910,White,Male,48.6,"2,441.9"
1911,White,Male,51.3,"2,350.3"
1912,White,Male,51.9,"2,327.5"
1913,White,Male,50.8,"2,322.1"
1914,White,Male,52.7,"2,254.1"
1915,White,Male,53.1,"2,267.8"
1916,White,Male,50.2,"2,365.6"
1917,White,Male,49.3,"2,375.9"
1918,White,Male,37.1,"2,680.7"
1919,White,Male,54.5,"2,096.0"
1920,White,Male,54.4,"2,166.6"
1921,White,Male,60.8,"1,986.2"
1922,White,Male,59.1,"2,088.2"
1923,White,Male,57.1,"2,174.2"
1924,White,Male,59.8,"2,073.7"
1925,White,Male,59.3,"2,104.4"
1926,White,Male,57.0,"2,190.6"
1927,White,Male,60.5,"2,048.6"
1928,White,Male,57.0,"2,182.8"
1929,White,Male,57.2,"2,141.2"
1930,White,Male,59.7,"2,013.8"
1931,White,Male,60.8,"1,983.6"
1932,White,Male,62.0,"1,982.9"
1933,White,Male,62.7,"1,952.2"
1934,White,Male,60.5,"2,000.7"
1935,White,Male,61.0,"1,979.3"
1936,White,Male,58.0,"2,087.0"
1937,White,Male,59.3,"2,016.5"
1938,White,Male,63.2,"1,882.7"
1939,White,Male,63.3,"1,894.4"
1940,White,Male,62.1,"1,925.2"
1941,White,Male,64.4,"1,844.1"
1942,White,Male,65.9,"1,793.7"
1943,White,Male,63.2,"1,872.9"
1944,White,Male,64.5,"1,788.0"
1945,White,Male,64.4,"1,761.6"
1946,White,Male,65.1,"1,706.1"
1947,White,Male,65.2,"1,718.6"
1948,White,Male,65.5,"1,691.2"
1949,White,Male,66.2,"1,647.8"
1950,White,Male,66.5,"1,642.5"
1951,White,Male,66.5,"1,621.7"
1952,White,Male,66.6,"1,588.5"
1953,White,Male,66.8,"1,589.0"
1954,White,Male,67.5,"1,516.3"
1955,White,Male,67.4,"1,544.7"
1956,White,Male,67.5,"1,554.4"
1957,White,Male,67.2,"1,581.7"
1958,White,Male,67.4,"1,573.1"
1959,White,Male,67.5,"1,552.1"
1960,White,Male,67.4,"1,586.0"
1961,White,Male,67.8,"1,547.3"
1962,White,Male,67.7,"1,579.1"
1963,White,Male,67.4,"1,614.7"
1964,White,Male,67.7,"1,572.0"
1965,White,Male,67.6,"1,589.9"
1966,White,Male,67.5,"1,595.7"
1967,White,Male,67.8,"1,566.9"
1968,White,Male,67.5,"1,602.7"
1969,White,Male,67.7,"1,570.4"
1970,White,Male,68.0,"1,513.7"
1971,White,Male,68.3,"1,514.4"
1972,White,Male,68.3,"1,520.2"
1973,White,Male,68.5,"1,507.2"
1974,White,Male,69.0,"1,450.8"
1975,White,Male,69.5,"1,391.1"
1976,White,Male,69.9,"1,379.5"
1977,White,Male,70.2,"1,343.5"
1978,White,Male,70.4,"1,332.5"
1979,White,Male,70.8,"1,289.5"
1980,White,Male,70.7,"1,317.4"
1981,White,Male,71.1,"1,282.4"
1982,White,Male,71.5,"1,255.9"
1983,White,Male,71.6,"1,259.8"
1984,White,Male,71.8,"1,245.5"
1985,White,Male,71.8,"1,249.5"
1986,White,Male,71.9,"1,230.5"
1987,White,Male,72.1,"1,213.1"
1988,White,Male,72.2,"1,215.5"
1989,White,Male,72.5,"1,176.0"
1990,White,Male,72.7,"1,165.3"
1991,White,Male,72.9,"1,142.8"
1992,White,Male,73.2,"1,122.2"
1993,White,Male,73.1,"1,138.7"
1994,White,Male,73.3,"1,118.4"
1995,White,Male,73.4,"1,107.2"
1996,White,Male,73.9,"1,082.5"
1997,White,Male,74.3,"1,058.7"
1998,White,Male,74.5,"1,041.6"
1999,White,Male,74.6,"1,040.1"
2000,White,Male,74.7,"1,029.4"
2001,White,Male,74.9,"1,012.1"
2002,White,Male,74.9,"1,009.0"
2003,White,Male,75.1,988.8
2004,White,Male,75.5,953.2
2005,White,Male,75.5,952.9
2006,White,Male,75.8,925.8
2007,White,Male,76.0,907.1
2008,White,Male,76.1,907.1
2009,White,Male,76.4,880.5
2010,White,Male,76.5,878.5
2011,White,Male,76.6,870.2
2012,White,Male,76.7,860.0
2013,White,Male,76.7,859.2
2014,White,Male,76.7,853.4
2015,White,Male,76.6,861.9
2016,White,Male,76.4,858.9
2017,White,Male,76.4,863.4
2018,White,Male,,853.1
